[
    {
        "word_id": "سلام",
        "meaning": "שלום",
        "similar_words": [
            "היי",
            "מה שלומך",
            "בריאות"
        ],
        "sentence_with_word": "السلام عليكم."
    },
    {
        "word_id": "مع السلامة",
        "meaning": "להתראות",
        "similar_words": [
            "ביי",
            "שלום",
            "נתראה"
        ],
        "sentence_with_word": "مع السلامة يا صديقي."
    },
    {
        "word_id": "نعم",
        "meaning": "כן",
        "similar_words": [
            "בטח",
            "אוקיי",
            "נכון"
        ],
        "sentence_with_word": "نعم، أنا أفهم."
    },
    {
        "word_id": "لا",
        "meaning": "לא",
        "similar_words": [
            "אף פעם לא",
            "שלילי",
            "בלי"
        ],
        "sentence_with_word": "لا، شكراً."
    },
    {
        "word_id": "من فضلك",
        "meaning": "בבקשה",
        "similar_words": [
            "אנא",
            "נא",
            " בבקשה יפה"
        ],
        "sentence_with_word": "من فضلك أعطني الماء."
    },
    {
        "word_id": "شكراً",
        "meaning": "תודה",
        "similar_words": [
            "תודה רבה",
            " תודות",
            "מודה לך"
        ],
        "sentence_with_word": "شكراً جزيلاً لك."
    },
    {
        "word_id": "أهلًا",
        "meaning": "אהלן",
        "similar_words": [
            "היי",
            "מה קורה",
            "הלו"
        ],
        "sentence_with_word": "أهلًا بك."
    },
    {
        "word_id": "ماذا",
        "meaning": "מה",
        "similar_words": [
            "איך",
            "למה",
            "איזה"
        ],
        "sentence_with_word": "ماذا تفعل؟"
    },
    {
        "word_id": "كيف",
        "meaning": "איך",
        "similar_words": [
            "באיזו דרך",
            "כיצד",
            "באיזה אופן"
        ],
        "sentence_with_word": "كيف حالك؟"
    },
    {
        "word_id": "متى",
        "meaning": "מתי",
        "similar_words": [
            "אימתי",
            "באיזה זמן",
            "באיזו שעה"
        ],
        "sentence_with_word": "متى ستأتي؟"
    },
    {
        "word_id": "أين",
        "meaning": "איפה",
        "similar_words": [
            "היכן",
            "באיזה מקום",
            "לאן"
        ],
        "sentence_with_word": "أين أنت؟"
    },
    {
        "word_id": "من",
        "meaning": "מי",
        "similar_words": [
            "את מי",
            "למי",
            "עם מי"
        ],
        "sentence_with_word": "من أنت؟"
    },
    {
        "word_id": "واحد",
        "meaning": "אחד",
        "similar_words": [
            "יחיד",
            "ראשון",
            "מספר 1"
        ],
        "sentence_with_word": "لدي كتاب واحد."
    },
    {
        "word_id": "اثنان",
        "meaning": "שניים",
        "similar_words": [
            "שתי",
            "זוג",
            "צמד"
        ],
        "sentence_with_word": "لدي كتابان اثنان."
    },
    {
        "word_id": "هذا",
        "meaning": "זה",
        "similar_words": [
            "הנה",
            "זאת",
            "ההוא"
        ],
        "sentence_with_word": "هذا كتاب."
    }
]